image,prompt,guidance,strength,steps,identity,prompt_sim,locality
data/test/IMG_2817.png,buzzcut hairstyle,5,0.3,20,0.9528652429580688,0.14794394373893738,0.05471292655234017
data/test/IMG_2817.png,buzzcut hairstyle,5,0.3,30,0.9474771022796631,0.1514984667301178,0.05464974867165146
data/test/IMG_2817.png,buzzcut hairstyle,5,0.5,20,0.9221844673156738,0.15436503291130066,0.0530616628126956
data/test/IMG_2817.png,buzzcut hairstyle,5,0.5,30,0.9415650963783264,0.1490364372730255,0.05449606004616474
data/test/IMG_2817.png,buzzcut hairstyle,5,0.7,20,0.9197070598602295,0.15100064873695374,0.045487560104511576
data/test/IMG_2817.png,buzzcut hairstyle,5,0.7,30,0.9047950506210327,0.1606438159942627,0.049609902688513015
data/test/IMG_2817.png,buzzcut hairstyle,7.5,0.3,20,0.9532483816146851,0.15986746549606323,0.05229205577434783
data/test/IMG_2817.png,buzzcut hairstyle,7.5,0.3,30,0.9397488832473755,0.14778675138950348,0.055005659288110444
data/test/IMG_2817.png,buzzcut hairstyle,7.5,0.5,20,0.9339892864227295,0.15725299715995789,0.05465088271118693
data/test/IMG_2817.png,buzzcut hairstyle,7.5,0.5,30,0.9283245801925659,0.1503302901983261,0.053690923684050575
data/test/IMG_2817.png,buzzcut hairstyle,7.5,0.7,20,0.9193124771118164,0.16178466379642487,0.05393491329153429
data/test/IMG_2817.png,buzzcut hairstyle,7.5,0.7,30,0.9074640274047852,0.1652887612581253,0.049007930367253885
data/test/IMG_2817.png,buzzcut hairstyle,10,0.3,20,0.9481145143508911,0.15191523730754852,0.053080426744046096
data/test/IMG_2817.png,buzzcut hairstyle,10,0.3,30,0.9503823518753052,0.15850965678691864,0.053874653276815385
data/test/IMG_2817.png,buzzcut hairstyle,10,0.5,20,0.9158424139022827,0.15726210176944733,0.053601342800981853
data/test/IMG_2817.png,buzzcut hairstyle,10,0.5,30,0.9091615676879883,0.17042794823646545,0.04749715098731627
data/test/IMG_2817.png,buzzcut hairstyle,10,0.7,20,0.9129307866096497,0.17078649997711182,0.04993420978830191
data/test/IMG_2817.png,buzzcut hairstyle,10,0.7,30,0.8411601781845093,0.1465701162815094,0.05443922213762806
data/test/IMG_2817.png,buzzcut hairstyle,12,0.3,20,0.9516340494155884,0.16336040198802948,0.052678404419039315
data/test/IMG_2817.png,buzzcut hairstyle,12,0.3,30,0.92667555809021,0.1469951719045639,0.053363344067185715
data/test/IMG_2817.png,buzzcut hairstyle,12,0.5,20,0.9432402849197388,0.1628228724002838,0.05383927821310629
data/test/IMG_2817.png,buzzcut hairstyle,12,0.5,30,0.9237316250801086,0.15083405375480652,0.0505496303119779
data/test/IMG_2817.png,buzzcut hairstyle,12,0.7,20,0.8823183178901672,0.1587311029434204,0.04715273577308505
data/test/IMG_2817.png,buzzcut hairstyle,12,0.7,30,0.8766132593154907,0.1530044674873352,0.0544080989014858
data/test/IMG_2817.png,buzzcut hairstyle,15,0.3,20,0.9353946447372437,0.15541484951972961,0.053561769027363156
data/test/IMG_2817.png,buzzcut hairstyle,15,0.3,30,0.9294339418411255,0.15628664195537567,0.05322834564093248
data/test/IMG_2817.png,buzzcut hairstyle,15,0.5,20,0.9189871549606323,0.16221818327903748,0.05272799930126644
data/test/IMG_2817.png,buzzcut hairstyle,15,0.5,30,0.9120497703552246,0.1658400148153305,0.05394811753530463
data/test/IMG_2817.png,buzzcut hairstyle,15,0.7,20,0.9036375284194946,0.17702768743038177,0.03135726527997916
data/test/IMG_2817.png,buzzcut hairstyle,15,0.7,30,0.8860472440719604,0.170766681432724,0.053473902446601065
data/test/IMG_2817.png,medium wavy hair,5,0.3,20,0.9462023377418518,0.15612481534481049,0.05413701392373285
data/test/IMG_2817.png,medium wavy hair,5,0.3,30,0.9507685899734497,0.15282338857650757,0.054272319401673375
data/test/IMG_2817.png,medium wavy hair,5,0.5,20,0.9431038498878479,0.14407001435756683,0.05339950554354147
data/test/IMG_2817.png,medium wavy hair,5,0.5,30,0.9462435841560364,0.15809673070907593,0.05410835943804478
data/test/IMG_2817.png,medium wavy hair,5,0.7,20,0.9260456562042236,0.13985878229141235,0.046770114287464165
data/test/IMG_2817.png,medium wavy hair,5,0.7,30,0.9206934571266174,0.16575613617897034,0.054072411071681856
data/test/IMG_2817.png,medium wavy hair,7.5,0.3,20,0.9485687017440796,0.15186649560928345,0.053503007633353875
data/test/IMG_2817.png,medium wavy hair,7.5,0.3,30,0.9545933604240417,0.14596965909004211,0.053958636335568355
data/test/IMG_2817.png,medium wavy hair,7.5,0.5,20,0.9197864532470703,0.15654143691062927,0.04542681557234312
data/test/IMG_2817.png,medium wavy hair,7.5,0.5,30,0.9369276762008667,0.15111494064331055,0.053919567216505544
data/test/IMG_2817.png,medium wavy hair,7.5,0.7,20,0.8951912522315979,0.17008906602859497,0.0477130589825207
data/test/IMG_2817.png,medium wavy hair,7.5,0.7,30,0.9395119547843933,0.16403639316558838,0.05510551736511463
data/test/IMG_2817.png,medium wavy hair,10,0.3,20,0.944904088973999,0.14845919609069824,0.051493726648018455
data/test/IMG_2817.png,medium wavy hair,10,0.3,30,0.9487631320953369,0.15404829382896423,0.05440118997244613
data/test/IMG_2817.png,medium wavy hair,10,0.5,20,0.9293274283409119,0.1618136763572693,0.05302461607353111
data/test/IMG_2817.png,medium wavy hair,10,0.5,30,0.935685396194458,0.17643319070339203,0.053238655355824144
data/test/IMG_2817.png,medium wavy hair,10,0.7,20,0.913938045501709,0.16759522259235382,0.05270048901190032
data/test/IMG_2817.png,medium wavy hair,10,0.7,30,0.8990360498428345,0.19986329972743988,0.04446303967247445
data/test/IMG_2817.png,medium wavy hair,12,0.3,20,0.9476607441902161,0.14782127737998962,0.05364386645126936
data/test/IMG_2817.png,medium wavy hair,12,0.3,30,0.9441413879394531,0.15324565768241882,0.05275971020305303
data/test/IMG_2817.png,medium wavy hair,12,0.5,20,0.9450390338897705,0.17294974625110626,0.05421220737588472
data/test/IMG_2817.png,medium wavy hair,12,0.5,30,0.9326775074005127,0.17948859930038452,0.054759905042849874
data/test/IMG_2817.png,medium wavy hair,12,0.7,20,0.9138723611831665,0.19518327713012695,0.053385792862910834
data/test/IMG_2817.png,medium wavy hair,12,0.7,30,0.889294445514679,0.18869149684906006,0.052896587153837285
data/test/IMG_2817.png,medium wavy hair,15,0.3,20,0.9361047148704529,0.15396778285503387,0.05324873506288955
data/test/IMG_2817.png,medium wavy hair,15,0.3,30,0.939508855342865,0.16398581862449646,0.051384447442107135
data/test/IMG_2817.png,medium wavy hair,15,0.5,20,0.9415070414543152,0.1799498200416565,0.04792897742783006
data/test/IMG_2817.png,medium wavy hair,15,0.5,30,0.937603235244751,0.18638727068901062,0.05247554365146029
data/test/IMG_2817.png,medium wavy hair,15,0.7,20,0.9065799713134766,0.21296541392803192,0.052545163800329184
data/test/IMG_2817.png,medium wavy hair,15,0.7,30,0.8893277049064636,0.2093292474746704,0.05148749451586829
data/test/IMG_2817.png,long flowy hair,5,0.3,20,0.952153205871582,0.1485123336315155,0.053482385551128296
data/test/IMG_2817.png,long flowy hair,5,0.3,30,0.9540244936943054,0.13298703730106354,0.05475063295635633
data/test/IMG_2817.png,long flowy hair,5,0.5,20,0.9430112838745117,0.14414279162883759,0.05163612617358537
data/test/IMG_2817.png,long flowy hair,5,0.5,30,0.9395146369934082,0.15211361646652222,0.05487422100095272
data/test/IMG_2817.png,long flowy hair,5,0.7,20,0.9142510294914246,0.1469026803970337,0.05395130510527192
data/test/IMG_2817.png,long flowy hair,5,0.7,30,0.8921849727630615,0.15466369688510895,0.05204318299102395
data/test/IMG_2817.png,long flowy hair,7.5,0.3,20,0.9491814374923706,0.13991600275039673,0.05411870694063942
data/test/IMG_2817.png,long flowy hair,7.5,0.3,30,0.946652352809906,0.14597088098526,0.053420100280572605
data/test/IMG_2817.png,long flowy hair,7.5,0.5,20,0.952909529209137,0.14775492250919342,0.052001094921948036
data/test/IMG_2817.png,long flowy hair,7.5,0.5,30,0.9197181463241577,0.1605471670627594,0.053703065078598726
data/test/IMG_2817.png,long flowy hair,7.5,0.7,20,0.8794816136360168,0.15440666675567627,0.051657294242521544
data/test/IMG_2817.png,long flowy hair,7.5,0.7,30,0.8797702789306641,0.15737006068229675,0.05217260712855427
data/test/IMG_2817.png,long flowy hair,10,0.3,20,0.9577915668487549,0.14644867181777954,0.054305200321154434
data/test/IMG_2817.png,long flowy hair,10,0.3,30,0.9510408639907837,0.15299968421459198,0.0545435740709605
data/test/IMG_2817.png,long flowy hair,10,0.5,20,0.9325528144836426,0.13976025581359863,0.05422000357062393
data/test/IMG_2817.png,long flowy hair,10,0.5,30,0.9277752637863159,0.15945649147033691,0.05362750737073089
data/test/IMG_2817.png,long flowy hair,10,0.7,20,0.8986066579818726,0.1577143371105194,0.05225804443374776
data/test/IMG_2817.png,long flowy hair,10,0.7,30,0.919213056564331,0.16344991326332092,0.04940752107604978
data/test/IMG_2817.png,long flowy hair,12,0.3,20,0.9331781268119812,0.14888498187065125,0.05440867599721841
data/test/IMG_2817.png,long flowy hair,12,0.3,30,0.9395022392272949,0.1483481526374817,0.053453167133191384
data/test/IMG_2817.png,long flowy hair,12,0.5,20,0.9481199979782104,0.16256728768348694,0.052021463613127365
data/test/IMG_2817.png,long flowy hair,12,0.5,30,0.9369360208511353,0.15123511850833893,0.05378859126254147
data/test/IMG_2817.png,long flowy hair,12,0.7,20,0.9230118989944458,0.1608395129442215,0.04143489547769594
data/test/IMG_2817.png,long flowy hair,12,0.7,30,0.9317108392715454,0.17333021759986877,0.050045024626252814
data/test/IMG_2817.png,long flowy hair,15,0.3,20,0.9347503781318665,0.1466747522354126,0.05441375430519981
data/test/IMG_2817.png,long flowy hair,15,0.3,30,0.9305856227874756,0.16161632537841797,0.053067801991948084
data/test/IMG_2817.png,long flowy hair,15,0.5,20,0.9238488674163818,0.15434761345386505,0.05384468066827901
data/test/IMG_2817.png,long flowy hair,15,0.5,30,0.9249032735824585,0.14819401502609253,0.053471638299675085
data/test/IMG_2817.png,long flowy hair,15,0.7,20,0.9035906791687012,0.16291511058807373,0.05423601435241028
data/test/IMG_2817.png,long flowy hair,15,0.7,30,0.8630155324935913,0.16534742712974548,0.05253525005213999
data/test/matthew.png,buzzcut hairstyle,5,0.3,20,0.8505854606628418,0.11125138401985168,0.10035683125814224
data/test/matthew.png,buzzcut hairstyle,5,0.3,30,0.8678641319274902,0.11008043587207794,0.10764725541828724
data/test/matthew.png,buzzcut hairstyle,5,0.5,20,0.8350623846054077,0.10554135590791702,0.10804534325414679
data/test/matthew.png,buzzcut hairstyle,5,0.5,30,0.8048475384712219,0.11823690682649612,0.10952065319942911
data/test/matthew.png,buzzcut hairstyle,5,0.7,20,0.6750941872596741,0.1267867088317871,0.11405215854699449
data/test/matthew.png,buzzcut hairstyle,5,0.7,30,0.7527436017990112,0.11554630845785141,0.11070093467912613
data/test/matthew.png,buzzcut hairstyle,7.5,0.3,20,0.8549162745475769,0.10984284430742264,0.10935825273763006
data/test/matthew.png,buzzcut hairstyle,7.5,0.3,30,0.8343650102615356,0.1171998456120491,0.11319042177934636
data/test/matthew.png,buzzcut hairstyle,7.5,0.5,20,0.7174155712127686,0.11301975697278976,0.11242385479615973
data/test/matthew.png,buzzcut hairstyle,7.5,0.5,30,0.8282171487808228,0.12739935517311096,0.10329410829235956
data/test/matthew.png,buzzcut hairstyle,7.5,0.7,20,0.6587125658988953,0.14508825540542603,0.09767598809309355
data/test/matthew.png,buzzcut hairstyle,7.5,0.7,30,0.6634048223495483,0.1343311071395874,0.07875100576723967
data/test/matthew.png,buzzcut hairstyle,10,0.3,20,0.8190625905990601,0.12072697281837463,0.11092393980111569
data/test/matthew.png,buzzcut hairstyle,10,0.3,30,0.832361102104187,0.12080933898687363,0.11631503077956212
data/test/matthew.png,buzzcut hairstyle,10,0.5,20,0.7871175408363342,0.12182269990444183,0.10567298251701046
data/test/matthew.png,buzzcut hairstyle,10,0.5,30,0.8398323059082031,0.11869535595178604,0.09420417636552633
data/test/matthew.png,buzzcut hairstyle,10,0.7,20,0.7372193932533264,0.12540699541568756,0.1029298278579043
data/test/matthew.png,buzzcut hairstyle,10,0.7,30,0.6047689914703369,0.13846637308597565,0.11116646918213613
data/test/matthew.png,buzzcut hairstyle,12,0.3,20,0.8169618248939514,0.1192270964384079,0.11237374195547399
data/test/matthew.png,buzzcut hairstyle,12,0.3,30,0.8462638854980469,0.12398837506771088,0.10024413624013483
data/test/matthew.png,buzzcut hairstyle,12,0.5,20,0.7723485231399536,0.12781095504760742,0.11675393415151086
data/test/matthew.png,buzzcut hairstyle,12,0.5,30,0.7424259185791016,0.12980906665325165,0.09954372165045357
data/test/matthew.png,buzzcut hairstyle,12,0.7,20,0.6510806083679199,0.1476316750049591,0.08388035777593852
data/test/matthew.png,buzzcut hairstyle,12,0.7,30,0.7354851961135864,0.1531321257352829,0.11084099391812004
data/test/matthew.png,buzzcut hairstyle,15,0.3,20,0.8360251188278198,0.11875667423009872,0.10373796524788971
data/test/matthew.png,buzzcut hairstyle,15,0.3,30,0.8493697643280029,0.11799326539039612,0.11259117686279461
data/test/matthew.png,buzzcut hairstyle,15,0.5,20,0.7607181072235107,0.14663386344909668,0.09885492529991528
data/test/matthew.png,buzzcut hairstyle,15,0.5,30,0.732073962688446,0.1375740021467209,0.11471700241604763
data/test/matthew.png,buzzcut hairstyle,15,0.7,20,0.6544356942176819,0.1435040831565857,0.0631068840308786
data/test/matthew.png,buzzcut hairstyle,15,0.7,30,0.5903618931770325,0.1625639647245407,0.1057081870440302
data/test/matthew.png,long curly hair,5,0.3,20,0.8644475936889648,0.11116586625576019,0.11338377336473435
data/test/matthew.png,long curly hair,5,0.3,30,0.8625330924987793,0.11571906507015228,0.10176353557051633
data/test/matthew.png,long curly hair,5,0.5,20,0.8023253679275513,0.1256752461194992,0.11222768565820193
data/test/matthew.png,long curly hair,5,0.5,30,0.8545886278152466,0.11970095336437225,0.09564121155895773
data/test/matthew.png,long curly hair,5,0.7,20,0.7550836801528931,0.13751626014709473,0.11748620638508162
data/test/matthew.png,long curly hair,5,0.7,30,0.747866690158844,0.13881169259548187,0.08826856925889848
data/test/matthew.png,long curly hair,7.5,0.3,20,0.862727701663971,0.11392632126808167,0.11185475752947097
data/test/matthew.png,long curly hair,7.5,0.3,30,0.8869527578353882,0.11413251608610153,0.10341765175570854
data/test/matthew.png,long curly hair,7.5,0.5,20,0.7237710356712341,0.13085545599460602,0.10915567685985496
data/test/matthew.png,long curly hair,7.5,0.5,30,0.7993271350860596,0.11209404468536377,0.11306377751027201
data/test/matthew.png,long curly hair,7.5,0.7,20,0.7307291030883789,0.14045269787311554,0.11363756081237124
data/test/matthew.png,long curly hair,7.5,0.7,30,0.7115640640258789,0.14382979273796082,0.10829650500104235
data/test/matthew.png,long curly hair,10,0.3,20,0.8410263657569885,0.12391629815101624,0.11560924052616896
data/test/matthew.png,long curly hair,10,0.3,30,0.8433873653411865,0.11823983490467072,0.11203213455059359
data/test/matthew.png,long curly hair,10,0.5,20,0.7601702213287354,0.14650751650333405,0.11719091186919932
data/test/matthew.png,long curly hair,10,0.5,30,0.7800488471984863,0.1264212280511856,0.09376784702479016
data/test/matthew.png,long curly hair,10,0.7,20,0.7030931115150452,0.15127545595169067,0.09270873782751173
data/test/matthew.png,long curly hair,10,0.7,30,0.6730719208717346,0.15415719151496887,0.11612312074838933
data/test/matthew.png,long curly hair,12,0.3,20,0.8141328692436218,0.12428406625986099,0.10403741011872186
data/test/matthew.png,long curly hair,12,0.3,30,0.8035857081413269,0.1301063746213913,0.11090677436484643
data/test/matthew.png,long curly hair,12,0.5,20,0.7960852384567261,0.14973993599414825,0.11125756160279034
data/test/matthew.png,long curly hair,12,0.5,30,0.7719466686248779,0.1599602997303009,0.11568517436647907
data/test/matthew.png,long curly hair,12,0.7,20,0.6950812339782715,0.12644416093826294,0.09872537316134276
data/test/matthew.png,long curly hair,12,0.7,30,0.7499938011169434,0.15745767951011658,0.10687143233101289
data/test/matthew.png,long curly hair,15,0.3,20,0.8765566349029541,0.1249517947435379,0.10337961976329728
data/test/matthew.png,long curly hair,15,0.3,30,0.8276939392089844,0.1297752410173416,0.10254452488611415
data/test/matthew.png,long curly hair,15,0.5,20,0.7849259376525879,0.1407528668642044,0.10047439088316308
data/test/matthew.png,long curly hair,15,0.5,30,0.7065825462341309,0.15272028744220734,0.10965010594084845
data/test/matthew.png,long curly hair,15,0.7,20,0.6803761124610901,0.15096516907215118,0.08368564481293055
data/test/matthew.png,long curly hair,15,0.7,30,0.6316369771957397,0.13960662484169006,0.09426575519536873
data/test/matthew.png,wavy hair,5,0.3,20,0.8541655540466309,0.14061766862869263,0.11046853329720091
data/test/matthew.png,wavy hair,5,0.3,30,0.8575255274772644,0.13249287009239197,0.10001278809347756
data/test/matthew.png,wavy hair,5,0.5,20,0.7932173013687134,0.15455803275108337,0.10940518169152148
data/test/matthew.png,wavy hair,5,0.5,30,0.7976860404014587,0.14267291128635406,0.10655084589717644
data/test/matthew.png,wavy hair,5,0.7,20,0.7757518291473389,0.14854738116264343,0.08645487593567702
data/test/matthew.png,wavy hair,5,0.7,30,0.7076752781867981,0.14454182982444763,0.06100770816505242
data/test/matthew.png,wavy hair,7.5,0.3,20,0.8626895546913147,0.14224496483802795,0.11305318557674525
data/test/matthew.png,wavy hair,7.5,0.3,30,0.8697386384010315,0.15175072848796844,0.10924334079336383
data/test/matthew.png,wavy hair,7.5,0.5,20,0.7874705791473389,0.14563550055027008,0.10432048164766376
data/test/matthew.png,wavy hair,7.5,0.5,30,0.7853810787200928,0.1450130045413971,0.09890901298077764
data/test/matthew.png,wavy hair,7.5,0.7,20,0.7373350262641907,0.150664821267128,0.10629144016763488
data/test/matthew.png,wavy hair,7.5,0.7,30,0.7313827276229858,0.15073516964912415,0.09515038319834533
data/test/matthew.png,wavy hair,10,0.3,20,0.8496057987213135,0.1445734053850174,0.10820083427351593
data/test/matthew.png,wavy hair,10,0.3,30,0.8166557550430298,0.1391160488128662,0.10332121748556625
data/test/matthew.png,wavy hair,10,0.5,20,0.8321760296821594,0.15248483419418335,0.10446546896643769
data/test/matthew.png,wavy hair,10,0.5,30,0.8306287527084351,0.14721991121768951,0.10894085544218014
data/test/matthew.png,wavy hair,10,0.7,20,0.6367813944816589,0.15741902589797974,0.06456641316390793
data/test/matthew.png,wavy hair,10,0.7,30,0.7083557844161987,0.14253419637680054,0.09738675328136295
data/test/matthew.png,wavy hair,12,0.3,20,0.8424600958824158,0.14103733003139496,0.10813518452508913
data/test/matthew.png,wavy hair,12,0.3,30,0.8345128297805786,0.1550653725862503,0.1108358495091617
data/test/matthew.png,wavy hair,12,0.5,20,0.7813902497291565,0.15256616473197937,0.10468870731093043
data/test/matthew.png,wavy hair,12,0.5,30,0.734136700630188,0.14515931904315948,0.08888825514855125
data/test/matthew.png,wavy hair,12,0.7,20,0.685035765171051,0.15995390713214874,0.10174392802041025
data/test/matthew.png,wavy hair,12,0.7,30,0.730859637260437,0.15652617812156677,0.09994877625217076
data/test/matthew.png,wavy hair,15,0.3,20,0.8084899187088013,0.15194019675254822,0.10679815299269284
data/test/matthew.png,wavy hair,15,0.3,30,0.8144855499267578,0.14764921367168427,0.11141455458230944
data/test/matthew.png,wavy hair,15,0.5,20,0.8143099546432495,0.14385856688022614,0.10425486361156115
data/test/matthew.png,wavy hair,15,0.5,30,0.7547522187232971,0.16213011741638184,0.11725364840528625
data/test/matthew.png,wavy hair,15,0.7,20,0.6633330583572388,0.17124535143375397,0.11341299454194055
data/test/matthew.png,wavy hair,15,0.7,30,0.6492295265197754,0.15275225043296814,0.06547236435370762
data/test/stockportrait.png,very short hair,5,0.3,20,0.7824768424034119,0.13703089952468872,0.3189688496540327
data/test/stockportrait.png,very short hair,5,0.3,30,0.7124136686325073,0.14129991829395294,0.28558159712188147
data/test/stockportrait.png,very short hair,5,0.5,20,0.6306146383285522,0.13878017663955688,0.2945856214862336
data/test/stockportrait.png,very short hair,5,0.5,30,0.7580379247665405,0.14031043648719788,0.2003567781771397
data/test/stockportrait.png,very short hair,5,0.7,20,0.5293789505958557,0.15897485613822937,0.24679348424069356
data/test/stockportrait.png,very short hair,5,0.7,30,0.5704993009567261,0.1485365480184555,0.3160249479123166
data/test/stockportrait.png,very short hair,7.5,0.3,20,0.7714452743530273,0.14006152749061584,0.2692702967294558
data/test/stockportrait.png,very short hair,7.5,0.3,30,0.6330000162124634,0.1324557363986969,0.3218826764467908
data/test/stockportrait.png,very short hair,7.5,0.5,20,0.6035624742507935,0.14480124413967133,0.27624345730525823
data/test/stockportrait.png,very short hair,7.5,0.5,30,0.6556251049041748,0.1495157778263092,0.23534220788253513
data/test/stockportrait.png,very short hair,7.5,0.7,20,0.5897284746170044,0.15175683796405792,0.28310285446878697
data/test/stockportrait.png,very short hair,7.5,0.7,30,0.5347895622253418,0.15969887375831604,0.2972189856411385
data/test/stockportrait.png,very short hair,10,0.3,20,0.8130862712860107,0.14710645377635956,0.2811621838870973
data/test/stockportrait.png,very short hair,10,0.3,30,0.7414153814315796,0.13203027844429016,0.2737783415583626
data/test/stockportrait.png,very short hair,10,0.5,20,0.5295065641403198,0.14787092804908752,0.3069619518833486
data/test/stockportrait.png,very short hair,10,0.5,30,0.5185558795928955,0.13939975202083588,0.28299183686463913
data/test/stockportrait.png,very short hair,10,0.7,20,0.45617854595184326,0.16346335411071777,0.2785553192625314
data/test/stockportrait.png,very short hair,10,0.7,30,0.457570344209671,0.16889441013336182,0.31487267336270897
data/test/stockportrait.png,very short hair,12,0.3,20,0.73656165599823,0.13894928991794586,0.3024119513203162
data/test/stockportrait.png,very short hair,12,0.3,30,0.7022253274917603,0.14892202615737915,0.30316679370798977
data/test/stockportrait.png,very short hair,12,0.5,20,0.5536800622940063,0.15755578875541687,0.22218307568031667
data/test/stockportrait.png,very short hair,12,0.5,30,0.629720151424408,0.1449400633573532,0.30989768949136937
data/test/stockportrait.png,very short hair,12,0.7,20,0.48541969060897827,0.14983713626861572,0.24134726941423293
data/test/stockportrait.png,very short hair,12,0.7,30,0.3537810444831848,0.15675321221351624,0.2196821617561601
data/test/stockportrait.png,very short hair,15,0.3,20,0.7013595700263977,0.1417379081249237,0.27897486037972463
data/test/stockportrait.png,very short hair,15,0.3,30,0.6920202970504761,0.14946109056472778,0.2874604121668988
data/test/stockportrait.png,very short hair,15,0.5,20,0.4810369610786438,0.15187624096870422,0.2550749282601764
data/test/stockportrait.png,very short hair,15,0.5,30,0.5240893959999084,0.14071325957775116,0.21819111255648296
data/test/stockportrait.png,very short hair,15,0.7,20,0.5286930203437805,0.17290697991847992,0.27192597398056895
data/test/stockportrait.png,very short hair,15,0.7,30,0.44209522008895874,0.16096873581409454,0.25534918545129776
data/test/stockportrait.png,red hair,5,0.3,20,0.7970377206802368,0.12838080525398254,0.2931318679880633
data/test/stockportrait.png,red hair,5,0.3,30,0.7198127508163452,0.12976005673408508,0.3067171605877942
data/test/stockportrait.png,red hair,5,0.5,20,0.6202958822250366,0.13206273317337036,0.3068020759543325
data/test/stockportrait.png,red hair,5,0.5,30,0.595113217830658,0.11510664224624634,0.29025454805552775
data/test/stockportrait.png,red hair,5,0.7,20,0.5263858437538147,0.12071331590414047,0.28782155063860404
data/test/stockportrait.png,red hair,5,0.7,30,0.6276524066925049,0.1289515197277069,0.3129903865375383
data/test/stockportrait.png,red hair,7.5,0.3,20,0.6998229026794434,0.12345395982265472,0.314208156170431
data/test/stockportrait.png,red hair,7.5,0.3,30,0.7236067056655884,0.1290929913520813,0.2914988018184667
data/test/stockportrait.png,red hair,7.5,0.5,20,0.5678321123123169,0.11582088470458984,0.25195455999510485
data/test/stockportrait.png,red hair,7.5,0.5,30,0.5706450939178467,0.11991385370492935,0.25551245303817993
data/test/stockportrait.png,red hair,7.5,0.7,20,0.505416989326477,0.11984872817993164,0.2775717560164091
data/test/stockportrait.png,red hair,7.5,0.7,30,0.4485510587692261,0.12493454664945602,0.29097181989883536
data/test/stockportrait.png,red hair,10,0.3,20,0.7604765892028809,0.13232465088367462,0.2671864928321657
data/test/stockportrait.png,red hair,10,0.3,30,0.7729036808013916,0.1330510526895523,0.31865726931205307
data/test/stockportrait.png,red hair,10,0.5,20,0.5347420573234558,0.12195642292499542,0.31785679756627644
data/test/stockportrait.png,red hair,10,0.5,30,0.465215265750885,0.11932706087827682,0.23850559210432914
data/test/stockportrait.png,red hair,10,0.7,20,0.42421603202819824,0.1223454475402832,0.18641854358515483
data/test/stockportrait.png,red hair,10,0.7,30,0.4282446503639221,0.13017168641090393,0.274037715745571
data/test/stockportrait.png,red hair,12,0.3,20,0.6756223440170288,0.12023822963237762,0.2828135231999677
data/test/stockportrait.png,red hair,12,0.3,30,0.7043024897575378,0.1231752559542656,0.2863946190542431
data/test/stockportrait.png,red hair,12,0.5,20,0.5494656562805176,0.12274949997663498,0.29238941675621094
data/test/stockportrait.png,red hair,12,0.5,30,0.5638681054115295,0.12718075513839722,0.2756012659941011
data/test/stockportrait.png,red hair,12,0.7,20,0.42423784732818604,0.13139945268630981,0.20678814074936333
data/test/stockportrait.png,red hair,12,0.7,30,0.4080970883369446,0.12706974148750305,0.1930101822062075
data/test/stockportrait.png,red hair,15,0.3,20,0.6155022382736206,0.13363954424858093,0.2615342846539154
data/test/stockportrait.png,red hair,15,0.3,30,0.5919579267501831,0.12042701989412308,0.2694419184264592
data/test/stockportrait.png,red hair,15,0.5,20,0.4636813998222351,0.11847685277462006,0.2689317980956107
data/test/stockportrait.png,red hair,15,0.5,30,0.4879540801048279,0.1268274039030075,0.23572062671941008
data/test/stockportrait.png,red hair,15,0.7,20,0.3878610134124756,0.12555676698684692,0.19815692825622255
data/test/stockportrait.png,red hair,15,0.7,30,0.47711122035980225,0.12966763973236084,0.12378606761283431
data/test/stockportrait.png,long straigh hair,5,0.3,20,0.6999412775039673,0.15319326519966125,0.3193816770731863
data/test/stockportrait.png,long straigh hair,5,0.3,30,0.7609443664550781,0.14962923526763916,0.3116300328250301
data/test/stockportrait.png,long straigh hair,5,0.5,20,0.7448269724845886,0.1619536578655243,0.2432191795695889
data/test/stockportrait.png,long straigh hair,5,0.5,30,0.5651888847351074,0.16301260888576508,0.3153337216192612
data/test/stockportrait.png,long straigh hair,5,0.7,20,0.5091683268547058,0.14834606647491455,0.3051693508248655
data/test/stockportrait.png,long straigh hair,5,0.7,30,0.5665566325187683,0.15586602687835693,0.22806797240106025
data/test/stockportrait.png,long straigh hair,7.5,0.3,20,0.7586698532104492,0.1534503847360611,0.31280145542048615
data/test/stockportrait.png,long straigh hair,7.5,0.3,30,0.7551471590995789,0.15348327159881592,0.3182680157694224
data/test/stockportrait.png,long straigh hair,7.5,0.5,20,0.6428599953651428,0.15388135612010956,0.29293125496283084
data/test/stockportrait.png,long straigh hair,7.5,0.5,30,0.6739132404327393,0.15276038646697998,0.28821237134448496
data/test/stockportrait.png,long straigh hair,7.5,0.7,20,0.5857561826705933,0.16850638389587402,0.21405505903842392
data/test/stockportrait.png,long straigh hair,7.5,0.7,30,0.5919474363327026,0.15468387305736542,0.1669292324385231
data/test/stockportrait.png,long straigh hair,10,0.3,20,0.8454768657684326,0.15171214938163757,0.31455567045575183
data/test/stockportrait.png,long straigh hair,10,0.3,30,0.7287359237670898,0.15842053294181824,0.3147621185289218
data/test/stockportrait.png,long straigh hair,10,0.5,20,0.5923671126365662,0.16260287165641785,0.2763735188106726
data/test/stockportrait.png,long straigh hair,10,0.5,30,0.6851297616958618,0.16707518696784973,0.21428727224164767
data/test/stockportrait.png,long straigh hair,10,0.7,20,0.5161560773849487,0.166743665933609,0.3168601273777712
data/test/stockportrait.png,long straigh hair,10,0.7,30,0.4790271520614624,0.15638621151447296,0.28322995439997734
data/test/stockportrait.png,long straigh hair,12,0.3,20,0.7197140455245972,0.157008558511734,0.3051729540469476
data/test/stockportrait.png,long straigh hair,12,0.3,30,0.7729173898696899,0.15991643071174622,0.28989673636670005
data/test/stockportrait.png,long straigh hair,12,0.5,20,0.6685217618942261,0.15232184529304504,0.2937697726291905
data/test/stockportrait.png,long straigh hair,12,0.5,30,0.6248897314071655,0.1775694638490677,0.3144883667383625
data/test/stockportrait.png,long straigh hair,12,0.7,20,0.4441716969013214,0.1805853545665741,0.2954912779945007
data/test/stockportrait.png,long straigh hair,12,0.7,30,0.6469706892967224,0.1625043749809265,0.2995126501307159
data/test/stockportrait.png,long straigh hair,15,0.3,20,0.6742632985115051,0.1471455693244934,0.30000326789273957
data/test/stockportrait.png,long straigh hair,15,0.3,30,0.7234632968902588,0.1488541215658188,0.28390166052053367
data/test/stockportrait.png,long straigh hair,15,0.5,20,0.6186090111732483,0.15894602239131927,0.2989958012446768
data/test/stockportrait.png,long straigh hair,15,0.5,30,0.552322506904602,0.17609097063541412,0.28990994327256214
data/test/stockportrait.png,long straigh hair,15,0.7,20,0.500249981880188,0.1671716272830963,0.2096220252856568
data/test/stockportrait.png,long straigh hair,15,0.7,30,0.46263790130615234,0.1591549515724182,0.2686279062181604
